build_id,commit,pull_req,branch,status,duration,started_at,jobs,event_type
155796439,ca5b08539b79736cc732a11b70382a0e19c7db7a,,atmosphere-2.4.x,passed,462,2016-08-28 21:18:50 UTC,"[155796440, 155796441]",push
155795825,c74a27c6525e17c4e044d6c2f2fb1267280d1b6e,,master,passed,437,2016-08-28 21:14:53 UTC,[155795826],push
155793276,27c0650fad92af6b792875fd5c92bcdd9ddde987,,master,passed,252,2016-08-28 20:58:29 UTC,[155793277],push
155788059,5745b73bbe917de53c2287a4179b75ad2be3aa42,,master,passed,281,2016-08-28 20:20:58 UTC,[155788060],push
155781350,c8982260d5c0e56f93ffd30a7375055aa72ae4ed,,atmosphere-2.4.x,passed,490,2016-08-28 19:33:10 UTC,"[155781351, 155781352]",push
155781260,5adda55894260718416e8c75e5f5eeca98e75b19,,master,passed,270,2016-08-28 19:32:32 UTC,[155781261],push
155753829,abd72f9fdd4e8b2ea5d0bb7dddee9c9f0f9cc09b,2208,master,passed,287,2016-08-28 16:16:34 UTC,[155753830],pull_request
155646865,1e8683a21766378f48ddf3a23fe8a99f376318ec,,atmosphere-2.4.x,passed,435,2016-08-27 22:02:42 UTC,"[155646866, 155646867]",push
155644847,282735cc9338c9efe6408b302ee25edf5216dfb3,,master,passed,245,2016-08-27 21:48:12 UTC,[155644848],push
154135595,cd813ef1a641f621410ff47795d9d954694b4e65,,master,passed,264,2016-08-22 12:33:49 UTC,[154135596],push
152606033,a2a5e600c69924f859ccdf7df13a6d0cf1d6e6b9,2203,master,passed,317,2016-08-16 08:00:18 UTC,[152606034],pull_request
152341004,6ac3c38ec04e19c98399db98e7a147180177af89,2202,master,passed,321,2016-08-15 09:02:59 UTC,[152341005],pull_request
151497175,133b7669f760f63d022abdc0a40881e95dd35c90,,master,passed,280,2016-08-11 12:47:03 UTC,[151497176],push
149897916,c7208ceb6c8ca9c22f7b0a2fac84e9bb110b6db6,,atmosphere-2.4.x,passed,447,2016-08-04 22:51:03 UTC,"[149897917, 149897918]",push
149897391,7842405c0e85d7e42f371316b6813921f0c044b4,,master,passed,309,2016-08-04 22:49:27 UTC,[149897392],push
147690902,8d7c8c1b8ba64c41b59a0f2f712710465e347966,,master,passed,315,2016-07-27 08:02:55 UTC,[147690903],push
147689761,a3a5577119ee2996dd91a0f8039b39efeb519119,,atmosphere-2.3.x,passed,579,2016-07-27 07:55:07 UTC,"[147689762, 147689763]",push
147689638,70ceda9740cbc5504d5ebaf2191dd706925760c8,,master,passed,341,2016-07-27 07:54:08 UTC,[147689639],push
147689047,283f0f5d548d85a5ea7b19c993460aef37150bcd,,atmosphere-2.4.x,passed,554,2016-07-27 07:50:27 UTC,"[147689048, 147689049]",push
147550286,eaebd38919d5f29cd428c5044220dfbbc76b7c6f,2194,atmosphere-2.4.x,passed,437,2016-07-26 18:20:40 UTC,"[147550287, 147550288]",pull_request
147550210,3034ff2bb9da597df63f57c5dfc1f10cd3913f08,2193,master,passed,299,2016-07-26 18:20:49 UTC,[147550211],pull_request
146324350,de103459a6ac4daace25c7b8efe5a48e0cd99123,2189,master,failed,333,2016-07-21 09:17:18 UTC,[146324351],pull_request
145756736,94b7fd196e9369d37d0647056de2e3377e426720,2189,master,passed,269,2016-07-19 08:06:13 UTC,[145756737],pull_request
142194044,0d7dbd3f76568a2a580a7686261e1a4f0cf2c4e8,,atmosphere-2.4.x,passed,506,2016-07-04 12:16:35 UTC,"[142194045, 142194046]",push
142193935,ee76d0103577400cb0a40da5c1ebffddfe972e5f,,master,passed,337,2016-07-04 12:16:02 UTC,[142193936],push
142098141,f2bf8bc53e1a1199edf8d41b9913b6d87b6ef1a8,,master,passed,260,2016-07-04 00:56:30 UTC,[142098142],push
141691261,973f82e8ef293e4eee2e04428b8fab5723422257,,master,passed,310,2016-07-01 18:20:58 UTC,[141691263],push
141681603,5c9292dbb3892083c0dc69a966b9716e8dc13835,,atmosphere-2.4.x,errored,335,2016-07-01 17:42:16 UTC,"[141681604, 141681605]",push
141681587,daf3032f7ed4ac51ac2e1ca2fad384099ee485d3,,atmosphere-project-2.4.5,passed,432,2016-07-01 17:42:15 UTC,"[141681588, 141681591]",push
141681583,daf3032f7ed4ac51ac2e1ca2fad384099ee485d3,,atmosphere-2.4.x,passed,435,2016-07-01 17:42:15 UTC,"[141681584, 141681585]",push
141661508,6760ec4e95689ff20a7b5680684c41b799100f1c,,master,errored,152,2016-07-01 16:16:17 UTC,[141661509],push
141559813,5b6751b5c7032f8ddd0b80c3022e7a78a9f9bf94,2180,master,passed,357,2016-07-01 08:53:37 UTC,[141559814],pull_request
141558485,3a28577c3a794873a7f75ecd30922349cb95271d,2180,master,errored,94,2016-07-01 08:47:33 UTC,[141558486],pull_request
141430134,a98463e4536983f8ac3b1d04127097d29a824988,,atmosphere-2.4.x,passed,556,2016-06-30 19:17:15 UTC,"[141430135, 141430136]",push
141411864,6d3023658b898abfc26f7fa8096e47d98e12bb65,2179,atmosphere-2.4.x,passed,482,2016-06-30 17:58:35 UTC,"[141411865, 141411867]",pull_request
141031475,842d83bc1ea22f240183feb00b1de4a86384ce45,2179,atmosphere-2.4.x,passed,430,2016-06-29 09:41:29 UTC,"[141031476, 141031477]",pull_request
141024862,9296dcb92ff163fd0177e924196859a0d9b2f49d,2179,atmosphere-2.4.x,errored,117,2016-06-29 09:10:52 UTC,"[141024863, 141024864]",pull_request
137628917,1918897dbbe1d45079b22004844f06a7bb7977a0,,atmosphere-2.4.x,passed,463,2016-06-14 20:48:50 UTC,"[137628918, 137628919]",push
137618190,e863e2878d6f4602b8acc2b62f32d3a8c89ece6d,,master,passed,325,2016-06-14 20:30:05 UTC,[137618191],push
137604560,6337a252a6e49d44b2d4983900c2aa55f53304f0,,master,errored,487,2016-06-14 19:13:39 UTC,[137604561],push
137598731,fb880c680828a7349ae9d23f28cf39a61c12786d,,atmosphere-2.4.x,passed,472,2016-06-14 18:50:25 UTC,"[137598732, 137598733]",push
137593586,dea5dbaf9f5a2885f4567c0b03ed1ebf2abc1bee,,atmosphere-2.4.x,errored,195,2016-06-14 18:32:51 UTC,"[137593587, 137593588]",push
137593296,60d72496555dd92e284dfa1f16c6f9e0e320557c,,master,errored,451,2016-06-14 18:32:04 UTC,[137593297],push
137231014,6568659613b384ad101577dbfab85b5b3d296ae2,,atmosphere-2.4.x,passed,465,2016-06-13 12:35:45 UTC,"[137231016, 137231017]",push
137230808,2b0187e17db5918cce195a6b6331a0fa975cbc8f,,master,passed,278,2016-06-13 12:34:53 UTC,[137230809],push
136621365,1779332c4de400212d5bbd46c7f312cb48d310fa,2172,atmosphere-2.3.x,errored,324,2016-06-10 06:45:46 UTC,"[136621366, 136621367]",pull_request
132975575,da141572e9fa8dec3396e2d113fb47b75df08541,,master,passed,301,2016-05-25 22:22:14 UTC,[132975576],push
132614695,b8de43f49e61f7e164c73a1eed54c837c00f2f81,,master,errored,145,2016-05-24 16:37:15 UTC,[132614696],push
131799447,052c6ebc42369bc0ff16cc4e389cd2cf0e44c185,,atmosphere-2.4.x,passed,425,2016-05-20 20:26:39 UTC,"[131799449, 131799451]",push
131799434,a3c0f5ac783c0df210cfbb072c2f75f576448e29,,atmosphere-project-2.4.4,passed,392,2016-05-20 20:26:39 UTC,"[131799435, 131799436]",push
131799400,a3c0f5ac783c0df210cfbb072c2f75f576448e29,,atmosphere-2.4.x,passed,468,2016-05-20 20:26:30 UTC,"[131799401, 131799402]",push
131790996,a77cfda54a8b8c0c72374a7b49904752a916609e,,atmosphere-2.3.x,passed,341,2016-05-20 19:52:46 UTC,"[131790997, 131790999]",push
131790975,850b923b477595827a1d2e38759431b52ce6a587,,atmosphere-project-2.3.8,passed,375,2016-05-20 19:52:28 UTC,"[131790976, 131790977]",push
131790957,850b923b477595827a1d2e38759431b52ce6a587,,atmosphere-2.3.x,passed,337,2016-05-20 19:52:27 UTC,"[131790958, 131790959]",push
131363851,715dd188e95632eeb52c7b45c12fbc97c1c8a81d,,atmosphere-2.4.x,passed,477,2016-05-19 09:25:09 UTC,"[131363852, 131363853]",push
131363819,b0c667d5ac86c99cf2cfd56faf960f1dc3e084ff,,master,passed,295,2016-05-19 09:24:40 UTC,[131363820],push
131279707,a5eb877ee34513e062ed1b1ed44a9948f07ceec8,,atmosphere-2.4.x,passed,459,2016-05-18 23:03:41 UTC,"[131279708, 131279709]",push
131277725,e7c1f3a3f7e9d3b3124d626d4154424e039b49ec,,master,passed,304,2016-05-18 22:52:51 UTC,[131277726],push
130561123,07ef4990ad92938e98a28f54409441be667b5815,,master,passed,315,2016-05-16 13:04:44 UTC,[130561124],push
130561084,bbe86fc75df99b786ada530b282c660fb464dad2,2163,master,errored,35,2016-05-16 13:04:50 UTC,[130561085],pull_request
130471373,87f34ab9d9b8d1783c6e2b20dac047b412bb5779,2164,atmosphere-2.4.x,passed,473,2016-05-16 01:01:32 UTC,"[130471374, 130471375]",pull_request
130027300,bbe86fc75df99b786ada530b282c660fb464dad2,2163,master,passed,354,2016-05-13 15:22:29 UTC,[130027301],pull_request
129813485,a9feb5d7529d85099c8186fdd01dcf607901d9ed,,atmosphere-2.4.x,passed,439,2016-05-12 18:40:45 UTC,"[129813486, 129813487]",push
129810329,278e4c0b7ae0c94afee53e1c05d68db75aa87c4f,,master,passed,308,2016-05-12 18:25:12 UTC,[129810331],push
129810028,0bed1c6f92b01942947562722dae4aeb5f577e40,2159,master,errored,24,2016-05-12 18:24:33 UTC,[129810029],pull_request
128982993,d55014194f0cffad395de239139981dfa094ac33,,atmosphere-2.3.x,passed,399,2016-05-09 22:12:09 UTC,"[128982994, 128982995]",push
128981786,b9625cac7eaae32687fa4f10939f9d6cbb9749e5,,atmosphere-2.4.x,passed,521,2016-05-09 22:06:59 UTC,"[128981787, 128981788]",push
128981580,0dbb9241d55202b0ae33876b0d36bdd7d8a72748,,master,passed,311,2016-05-09 22:06:18 UTC,[128981582],push
128100781,cfc9ea0b53b4dcd85dd77018bdb673689cbf98c0,,master,passed,250,2016-05-05 17:19:57 UTC,[128100782],push
128009119,397504b2a5326ca63c79de4ef98bab6dac3df0e5,2155,master,passed,629,2016-05-05 09:13:03 UTC,[128009120],pull_request
127904042,971896b074e080b7521794d1de93a37bdf5dd2c2,,master,passed,271,2016-05-04 20:59:37 UTC,[127904043],push
126633960,3898ee4586604a758017286248502945a8fab7d5,2152,master,passed,292,2016-04-29 11:56:37 UTC,[126633961],pull_request
123476989,52efc74de637766f942c11915685f8b8acebff0f,,atmosphere-2.4.x,passed,442,2016-04-15 23:27:02 UTC,"[123476990, 123476991]",push
123476781,05b92e3ca489726470023bbe212af98ebd428a65,,master,passed,245,2016-04-15 23:24:40 UTC,[123476782],push
123313867,67a85166c18177801366741d00cec865878ed180,,master,passed,287,2016-04-15 12:09:08 UTC,[123313868],push
123313507,0a4584d99391a621fee9b16cefc75106f3b8f3a0,,master,passed,259,2016-04-15 12:07:22 UTC,[123313508],push
123278552,52da5fe1e8dc7487c47d3d643e78ce5c669dec90,,atmosphere-2.3.x,passed,315,2016-04-15 08:59:20 UTC,"[123278553, 123278554]",push
123278514,7efa0abdf6982cdaadff0ee76b67e25e042b6436,,atmosphere-2.4.x,passed,404,2016-04-15 08:58:55 UTC,"[123278515, 123278516]",push
123278433,9217cfdd8758bc71a4b17709494b4953e6bafaeb,,master,passed,298,2016-04-15 08:58:30 UTC,[123278434],push
123275349,24314f29c6fc31e904e07abefb0876ec4398e60d,,atmosphere-2.3.x,passed,355,2016-04-15 08:41:09 UTC,"[123275350, 123275351]",push
123274381,abde9113b9515eda3ded62697926b9f3a452ab8b,,atmosphere-2.4.x,passed,471,2016-04-15 08:35:43 UTC,"[123274382, 123274383]",push
123273350,4afc2800a104cd13b4212cba3d850af32fb0d6b9,,master,passed,274,2016-04-15 08:29:47 UTC,[123273351],push
122706700,e764e419231da9583d35dd6b74a1b0244a35d260,,master,passed,250,2016-04-13 06:20:47 UTC,[122706701],push
122519523,9a33a5a4d77002c460238bff0c5b52f49917c2c5,,master,failed,292,2016-04-12 13:45:47 UTC,[122519524],push
121085221,74d439fbaa5800237709db0bb131eed2d57383d9,,atmosphere-2.4.x,passed,465,2016-04-06 07:52:03 UTC,"[121085222, 121085223]",push
121084124,328aac5fb14e286dca360e5d6feb6afb01e45ebd,,master,passed,281,2016-04-06 07:44:59 UTC,[121084125],push
121084001,a45bad9c414f43f975ae5e8623b6741872cfe703,,master,passed,272,2016-04-06 07:43:53 UTC,[121084002],push
120899460,21938cddd064df87c99d5f7c0deea3c922ee617c,,atmosphere-2.4.1.x,passed,597,2016-04-05 14:09:38 UTC,"[120899461, 120899462]",push
120885957,d4783fd6c5530dd132166322f97cc1a6edfbf408,,atmosphere-2.4.1.x,errored,354,2016-04-05 13:06:19 UTC,"[120885958, 120885959]",push
119328755,1d25c6983c4a13a13a2d1f5bbe5fc8d236a90bf3,,master,passed,330,2016-03-29 18:47:24 UTC,[119328756],push
119326307,fcb036775fa885b65a00f3a609e69cef09e7900e,,atmosphere-2.4.1.x,passed,431,2016-03-29 18:40:39 UTC,"[119326308, 119326309]",push
119326293,c6d08c4eceba5d28a4d04f91f3e6a19a7d0455e7,,atmosphere-project-2.4.1.7,passed,449,2016-03-29 18:38:19 UTC,"[119326294, 119326295]",push
119326286,c6d08c4eceba5d28a4d04f91f3e6a19a7d0455e7,,atmosphere-2.4.1.x,passed,462,2016-03-29 18:38:19 UTC,"[119326287, 119326288]",push
119325716,7fbbde9b27816387dd03ae93652f72dfe3d8baea,,atmosphere-2.4.1.x,passed,477,2016-03-29 18:36:18 UTC,"[119325717, 119325718]",push
116880072,5185f3311690da2df71cbe1229f042ae9b45451c,,atmosphere-2.4.x,passed,524,2016-03-18 11:53:04 UTC,"[116880073, 116880074]",push
116879962,0f06a3ec35a556b2bb7294e929c43d1f02bd0aa6,,master,passed,274,2016-03-18 13:48:53 UTC,[116879963],push
116663124,a9da174fb3e186c8b638b9a1dee239e7852f502b,,atmosphere-2.3.x,passed,466,2016-03-17 15:11:05 UTC,"[116663125, 116663126]",push
116662921,487487a467acf4ed410df983975de429b39e6f57,,atmosphere-2.4.x,passed,412,2016-03-17 15:10:13 UTC,"[116662922, 116662923]",push
116662772,1e79687fa7e19b1543684f074bbe91b109bd8383,,master,passed,299,2016-03-17 15:09:31 UTC,[116662773],push
114905496,5fd182f30d545459976344a1ccea34bd946563c8,,atmosphere-2.4.x,passed,496,2016-03-09 21:31:19 UTC,"[114905497, 114905500]",push
114905194,d94606e056116da77e0db6d99d60a2513d811a11,,master,passed,281,2016-03-09 21:29:29 UTC,[114905195],push
114378646,e39e0a3d3aaca99ee88381afde6c8768e8b7268b,,atmosphere-2.3.x,passed,361,2016-03-07 22:29:42 UTC,"[114378647, 114378648]",push
114378486,f63845bc885a0e2d2c9909ebfd2e176005ff730a,,atmosphere-2.4.x,passed,484,2016-03-07 22:29:16 UTC,"[114378487, 114378488]",push
114377505,f2fb6bd35ec410cbdeb1a974bb9131781cfd0526,,atmosphere-2.3.x,passed,325,2016-03-07 22:24:46 UTC,"[114377506, 114377507]",push
114377358,faff68fba350a0aa1f97be6804e43f7f8f9ffaad,,atmosphere-2.4.x,passed,484,2016-03-07 22:23:50 UTC,"[114377359, 114377360]",push
114377204,a4a37360ab84dc52837e7f7b17ded79eb62a64f9,,master,passed,285,2016-03-07 22:23:07 UTC,[114377205],push
114271696,793a5d4b9d80815c57c1d6418e83f3fa494a7dd0,,master,passed,283,2016-03-07 15:49:43 UTC,[114271698],push
113798791,af6face968a0986b6fb408c47db1d16c632c8769,2139,master,passed,285,2016-03-04 23:28:09 UTC,[113798792],pull_request
112962086,b5fb7d3caa31d5de2be3e479d421616bbf3833e9,,master,passed,293,2016-03-01 20:58:27 UTC,[112962087],push
112953945,c955c392a19c1e2e2855f75e2eec8fb71b0d870f,,atmosphere-2.4.x,passed,453,2016-03-01 20:21:44 UTC,"[112953946, 112953947]",push
112953912,704276c0d0f16d3fcc2f2b12512c17ea8a38dfca,,atmosphere-project-2.4.3,passed,428,2016-03-01 20:21:43 UTC,"[112953913, 112953914]",push
112953906,704276c0d0f16d3fcc2f2b12512c17ea8a38dfca,,atmosphere-2.4.x,passed,439,2016-03-01 20:21:43 UTC,"[112953907, 112953908]",push
112944510,fed784a2288ddf6d8da6fc72fb836f1ce276d535,,atmosphere-2.3.x,passed,351,2016-03-01 19:41:19 UTC,"[112944511, 112944512]",push
112944457,b9fa6a7e99865d2d4decb9635392c1d9766c77e8,,atmosphere-project-2.3.7,passed,345,2016-03-01 19:41:20 UTC,"[112944458, 112944459]",push
112944450,b9fa6a7e99865d2d4decb9635392c1d9766c77e8,,atmosphere-2.3.x,passed,345,2016-03-01 19:41:19 UTC,"[112944451, 112944452]",push
112929655,38433b069d547a74dd8878f22e352567059ee0d2,,master,passed,255,2016-03-01 18:36:59 UTC,[112929656],push
112917036,cdd56eb6f63c6d59928a0bc7b221fdd289759462,,master,passed,302,2016-03-01 17:38:21 UTC,[112917037],push
112916781,4d7a2c3c516f28918b9f2397da08d54f5913b2ba,,atmosphere-2.4.x,errored,352,2016-03-01 17:37:32 UTC,"[112916782, 112916783]",push
112916357,6a46a971d7a2399ef6050f62cb9054e554b204de,,atmosphere-2.3.x,passed,305,2016-03-01 17:34:20 UTC,"[112916358, 112916359]",push
112724308,777e32d3b95fc59a36bd42a17dbbdbf569978265,,atmosphere-2.3.x,passed,451,2016-02-29 23:05:41 UTC,"[112724309, 112724310]",push
112724016,ad6f05974d05fc3f006df47753d05b4e0d9cc387,,atmosphere-2.4.x,passed,451,2016-02-29 23:04:42 UTC,"[112724017, 112724018]",push
112723745,aecf3acea78b9d0b8bace937b79a5a3a6bc3a3a5,,master,passed,426,2016-02-29 23:03:18 UTC,[112723746],push
112720780,497a784a370c3130e8b0fdfcf769b72fdf224c48,,master,passed,237,2016-02-29 22:49:32 UTC,[112720781],push
112135355,b42f194c3dc55b137b6222ccb7a9d08184260f9f,,atmosphere-2.4.x,passed,476,2016-02-26 22:04:59 UTC,"[112135356, 112135357]",push
112131450,de4bf0bc65dbe03c6105041adfade2b3bcd9c6dd,,master,passed,265,2016-02-26 21:48:02 UTC,[112131451],push
111050937,c7e675b97db56f10fc3b8357a217f7e2c9b4ed56,,master,passed,303,2016-02-22 20:24:26 UTC,[111050938],push
109913412,b0cddf025b0cc3e229dd8a37354f6d4dd9bf147a,,atmosphere-2.3.x,passed,279,2016-02-17 16:57:41 UTC,"[109913413, 109913414]",push
109913303,9fd7a3210fc0bb19160babef991657b0e5cbe674,,atmosphere-2.4.x,passed,445,2016-02-17 16:56:53 UTC,"[109913304, 109913305]",push
109913105,49e96153d6f1a1f37ff9172212b924e332bc8994,,master,passed,259,2016-02-17 16:56:18 UTC,[109913106],push
109480930,e2ef40acaf26b7a10caf573be065cb74731a0a59,,atmosphere-2.4.1.x,passed,394,2016-02-15 23:17:12 UTC,"[109480931, 109480932]",push
109480927,33e94e8a7b6301c995903b83e0e449e8ae1c6432,,atmosphere-project-2.4.1.6,passed,431,2016-02-15 23:18:09 UTC,"[109480928, 109480929]",push
109480912,33e94e8a7b6301c995903b83e0e449e8ae1c6432,,atmosphere-2.4.1.x,passed,426,2016-02-15 23:17:12 UTC,"[109480913, 109480914]",push
109478405,17db7cf852c14bb626fa443c71a1a6a18235063b,,atmosphere-2.4.1.x,passed,465,2016-02-15 23:02:42 UTC,"[109478406, 109478407]",push
109195019,ea50bee9f880603af51fefe634b713962206b6e3,,master,passed,247,2016-02-14 18:09:33 UTC,[109195020],push
109194787,1e52baf00f9eacfcd1c96b87caae3e5b647ad557,,atmosphere-2.4.x,passed,450,2016-02-14 18:07:49 UTC,"[109194788, 109194789]",push
109194035,8fcd1bf5a9e7d5304daccac2990613c0215e9180,,atmosphere-2.3.x,passed,314,2016-02-14 18:05:07 UTC,"[109194036, 109194037]",push
109177619,3a9bf9145dca1a0d4fa7e266fee24cd255f49e37,,atmosphere-2.2.x,failed,275,2016-02-14 16:10:09 UTC,"[109177621, 109177622]",push
109176836,216823983d40e7f7cd2542c4d58dd1316ad3b8be,,master,passed,268,2016-02-14 16:03:35 UTC,[109176837],push
109172056,e616439904fa0294a8f5bebb1ec8a30e2212bbb2,,master,errored,118,2016-02-14 15:27:27 UTC,"[109172057, 109172058]",push
109167253,e5219271319c75060de2eed9fdd10b5c17e72b51,,atmosphere-2.4.x,passed,415,2016-02-14 14:45:57 UTC,"[109167254, 109167255]",push
108374335,60b0c22d826bf1447381d8e5ad617ba834d461f3,2130,master,passed,380,2016-02-10 20:27:02 UTC,"[108374336, 108374337]",pull_request
105692184,db78b235c91a4b69b9dfff82240b210d8dfa3a53,,atmosphere-2.4.1.x,passed,465,2016-01-29 15:13:33 UTC,"[105692185, 105692186]",push
105692177,944ad6d846f09a7f2d6d8f0e4c6214affc445bd8,,atmosphere-project-2.4.1.5,passed,432,2016-01-29 15:10:39 UTC,"[105692178, 105692179]",push
105692153,944ad6d846f09a7f2d6d8f0e4c6214affc445bd8,,atmosphere-2.4.1.x,passed,449,2016-01-29 15:10:39 UTC,"[105692154, 105692155]",push
105691837,aaf1792b72df8465deb4cd9616a35c74c93677d7,,atmosphere-2.4.1.x,passed,442,2016-01-29 15:09:08 UTC,"[105691838, 105691839]",push
103942687,e5219271319c75060de2eed9fdd10b5c17e72b51,,master,passed,434,2016-01-21 20:48:58 UTC,"[103942688, 103942690]",push
103111281,f2e4358a51d1468d4857ba9f1b18af46d543004d,,master,passed,373,2016-01-18 13:47:49 UTC,"[103111282, 103111283]",push
103104695,a12b61b599c6d7233c92e05448d8ea0e27035e49,,atmosphere-2.3.x,passed,250,2016-01-18 13:12:15 UTC,"[103104696, 103104698]",push
101605488,2d4b5d4408406bfa0b2d8085f652f41d627880ff,,master,passed,369,2016-01-11 15:11:51 UTC,"[101605489, 101605490]",push
101599211,5968736ef3b321ed30810c55e6176b01e9aa3957,2116,master,errored,382,2016-01-11 14:43:35 UTC,"[101599212, 101599213]",pull_request
101598140,bc4a21577c969cb0272e9a3a84f0423f0f6d2e08,2115,master,passed,406,2016-01-11 14:37:40 UTC,"[101598141, 101598142]",pull_request
100611725,cfc24caba3f8d3ff91afe0980edc27c95bc1d604,,master,passed,392,2016-01-06 16:05:07 UTC,"[100611727, 100611728]",push
100083558,31d6d000b8b69690d5fa39fafa6fad2f5354e7aa,,master,passed,404,2016-01-04 10:36:34 UTC,"[100083559, 100083560]",push
100034957,8a8a489e8beae4508d3c6246b088bbe2f9808a09,,master,failed,324,2016-01-04 02:21:35 UTC,"[100034958, 100034959]",push
100034954,8bf030dbed3966396f97c72147c27e517a6b3e68,,atmosphere-project-2.4.2,passed,362,2016-01-04 02:21:30 UTC,"[100034955, 100034956]",push
100034948,8bf030dbed3966396f97c72147c27e517a6b3e68,,master,passed,369,2016-01-04 02:21:28 UTC,"[100034949, 100034950]",push
99968984,761693f2b2657e2b37dd2d4f14ab238838a3cc62,2114,master,passed,386,2016-01-03 16:51:46 UTC,"[99968985, 99968986]",pull_request
98262963,82e39817adf6ae318fe44d600e3cfeb88bb947b8,2110,master,passed,341,2015-12-22 06:28:08 UTC,"[98262964, 98262965]",pull_request
96045966,6603c01d44e431a43c5ae468feb76b09243d72d5,,master,passed,375,2015-12-10 14:54:17 UTC,"[96045967, 96045968]",push
95877921,ea6ddb997e074e5a3060823bc2acf69eb48c88b6,,master,passed,402,2015-12-09 19:40:26 UTC,"[95877922, 95877923]",push
95826628,e9d6fea6c63e91120d731c6be85b4c236e598115,,atmosphere-2.4.1.x,passed,419,2015-12-09 15:42:38 UTC,"[95826629, 95826630]",push
95826620,18856f2bec8bc8fd9f411c9d9b9cbb5e59623d11,,atmosphere-project-2.4.1.4,passed,431,2015-12-09 15:42:38 UTC,"[95826622, 95826624]",push
95826613,18856f2bec8bc8fd9f411c9d9b9cbb5e59623d11,,atmosphere-2.4.1.x,passed,413,2015-12-09 15:42:38 UTC,"[95826614, 95826615]",push
95823703,abcdaf82ddb8452b5ec90fad738a086788bd415f,,atmosphere-2.4.1.x,passed,406,2015-12-09 15:29:40 UTC,"[95823704, 95823705]",push
95822355,e35e7020c28356a5bf2b29d5391fc75fe07ccce6,,atmosphere-2.4.1.x,passed,385,2015-12-09 15:24:38 UTC,"[95822356, 95822357]",push
95798074,c546aff2f369958b55501f05fe904cfe002ad5d3,,master,passed,416,2015-12-09 13:23:41 UTC,"[95798075, 95798076]",push
95751650,65e365fef748a0ffeac7afd2c74dc709e0ac9073,,atmosphere-2.2.x,failed,9,2015-12-09 08:22:21 UTC,[95751651],push
95751316,32ab9193606dea38c163fd19b96967eae8184a20,,atmosphere-2.3.x,passed,314,2015-12-09 08:17:56 UTC,"[95751317, 95751318]",push
95751184,77e17fdb6dabe786f970f44602e297a5e0089e8c,,master,passed,391,2015-12-09 08:16:38 UTC,"[95751185, 95751186]",push
95750243,3431fa353d63b056c490367f465fa0a091d3a717,,master,passed,399,2015-12-09 08:07:08 UTC,"[95750244, 95750245]",push
95691934,eabe62231fddf9af48be2939a46002d4bee8c9f5,,master,passed,375,2015-12-08 23:10:00 UTC,"[95691935, 95691936]",push
95622821,0ef89229ea9742d34e86396b2d5ca96adda33626,,atmosphere-2.4.1.x,passed,384,2015-12-08 17:21:25 UTC,"[95622823, 95622826]",push
95622798,1c8a0ccbfbe15c1eb59d39e0c31339b83a6d11f0,,atmosphere-project-2.4.1.3,passed,386,2015-12-08 17:19:05 UTC,"[95622799, 95622801]",push
95622776,1c8a0ccbfbe15c1eb59d39e0c31339b83a6d11f0,,atmosphere-2.4.1.x,passed,404,2015-12-08 17:19:05 UTC,"[95622777, 95622778]",push
95622583,a33b275ddd0421211cbd7749859a006993602106,,atmosphere-2.4.1.x,passed,379,2015-12-08 17:17:39 UTC,"[95622584, 95622585]",push
95608989,f508fa0243889d9d0f4c301a1e142b49899d8972,,master,passed,422,2015-12-08 16:19:39 UTC,"[95608990, 95608992]",push
95608399,dee4c775164585ab06969b4898d7c1a976143732,,atmosphere-2.4.1.x,passed,374,2015-12-08 16:18:33 UTC,"[95608400, 95608401]",push
95608396,b4c85e394146d71f031a2572e8688354c8ffd2fe,,atmosphere-project-2.4.1.2,passed,371,2015-12-08 16:15:59 UTC,"[95608397, 95608398]",push
95608388,b4c85e394146d71f031a2572e8688354c8ffd2fe,,atmosphere-2.4.1.x,passed,429,2015-12-08 16:16:02 UTC,"[95608389, 95608390]",push
95607992,ca3944f1bac378cda747b2f4b02b8de13e745b98,,atmosphere-2.4.1.x,passed,392,2015-12-08 16:14:25 UTC,"[95607993, 95607995]",push
95475914,295da871b15e2ffdaa9117cd8d66c83761f1d342,,atmosphere-2.3.x,passed,285,2015-12-08 00:18:57 UTC,"[95475915, 95475916]",push
95474873,7e9e7f1dcff4a4a89945b8a10653867d37d5555c,,master,passed,345,2015-12-08 00:10:25 UTC,"[95474874, 95474875]",push
95425715,1c0bac0b6ee4156d8b6446374bd6a98d9ba8a1a6,,master,failed,467,2015-12-07 19:56:28 UTC,"[95425716, 95425718]",push
95425702,4e6546e5603104e974796503cace47bae8a9db71,,atmosphere-project-2.4.1.1,passed,402,2015-12-07 19:52:43 UTC,"[95425703, 95425704]",push
95425697,4e6546e5603104e974796503cace47bae8a9db71,,master,passed,361,2015-12-07 19:52:42 UTC,"[95425698, 95425699]",push
95425448,30b1a4305333377ab3cd1a7599b100b7a953d962,,master,passed,379,2015-12-07 19:51:01 UTC,"[95425449, 95425450]",push
94467282,aed05a77bb95b86b918d5955d23663147e2da352,,master,passed,385,2015-12-02 18:46:59 UTC,"[94467283, 94467284]",push
94275130,83afad165c81380e26185406716105d0bda02ed8,,master,passed,382,2015-12-01 22:19:28 UTC,"[94275131, 94275132]",push
94240057,e4cb76ca1aaf0cd7949860da4f34bdac48911b85,,atmosphere-2.3.x,passed,274,2015-12-01 19:50:10 UTC,"[94240058, 94240059]",push
94240042,cb61fa1d6e51a8accc2ac46857af05a01810273f,,atmosphere-project-2.3.6,passed,264,2015-12-01 19:50:10 UTC,"[94240043, 94240044]",push
94240037,cb61fa1d6e51a8accc2ac46857af05a01810273f,,atmosphere-2.3.x,passed,265,2015-12-01 19:50:09 UTC,"[94240038, 94240039]",push
93503138,8a0a5dfea7c1d804b6e960e3a8e919a9b219d1d4,,master,passed,327,2015-11-27 11:14:56 UTC,"[93503139, 93503140]",push
93501605,bc1b7268687017e923032dca6791e6d36b741019,,master,passed,416,2015-11-27 11:04:02 UTC,"[93501606, 93501607]",push
93499442,6347fbcef808d5ce9c0e8610226b989e950e7a83,,master,errored,100,2015-11-27 10:48:36 UTC,"[93499443, 93499444]",push
93497743,9b29a2dcd4bff276f3408d29989cef5efd9e954d,,master,passed,353,2015-11-27 10:35:22 UTC,"[93497744, 93497745]",push
93496205,4b2f4ab915fdc580c99bca138f9d74b9c21be2f2,,master,passed,372,2015-11-27 10:22:44 UTC,"[93496206, 93496207]",push
93364028,6513a999e58f00e5d9f025e9c16acd52f9c88460,,master,passed,301,2015-11-26 14:17:36 UTC,"[93364031, 93364036]",push
93363981,0d5043be6658ae85126c45bfe54b3a6a1401ab25,,master,passed,449,2015-11-26 14:17:18 UTC,"[93363982, 93363983]",push
93363502,e00f8e9f24c7fd3b71b7ab2fd9fc7532ae08ddac,,master,passed,329,2015-11-26 14:13:04 UTC,"[93363504, 93363506]",push
93363297,b4c43eec4895ac967e8ca223868c011062a8a4bc,,master,failed,383,2015-11-26 14:12:26 UTC,"[93363299, 93363300]",push
93363024,b93213da4a2e3bef936b7747c820c23f0f893f57,,atmosphere-3.0.x,passed,429,2015-11-26 14:11:53 UTC,"[93363025, 93363026]",push
93362479,c2bcbdf00a1ec15c1af743e2f8b6d5f37c10fc36,,master,errored,6,2015-11-26 14:09:03 UTC,"[93362480, 93362481]",push
93362028,8fc3128938b919e7a529908a5b1cd2ab7f83c26e,,atmosphere-project-2.4.1,passed,283,2015-11-26 14:07:17 UTC,"[93362029, 93362034]",push
93361980,b4c43eec4895ac967e8ca223868c011062a8a4bc,,atmosphere-2.4.x,passed,308,2015-11-26 14:02:52 UTC,"[93361981, 93361984]",push
93361924,8fc3128938b919e7a529908a5b1cd2ab7f83c26e,,atmosphere-2.4.x,passed,302,2015-11-26 14:00:55 UTC,"[93361927, 93361933]",push
93361536,010ad7416cdd4c82c9531398acab7e5c56e6083d,,atmosphere-2.4.x,passed,287,2015-11-26 13:59:59 UTC,"[93361540, 93361544]",push
93359594,eebd62f3ad759cb6e13bc7d7e9f47c54d9fa1d64,,atmosphere-2.4.x,passed,268,2015-11-26 13:54:51 UTC,"[93359600, 93359607]",push
93354881,b93213da4a2e3bef936b7747c820c23f0f893f57,,master,passed,251,2015-11-26 13:08:01 UTC,"[93354883, 93354884]",push
93354862,43b4bd9b3b1056613254c0189cb7255ada091c3c,,master,failed,267,2015-11-26 13:05:52 UTC,"[93354863, 93354864]",push
93354825,3f15dfaa1bfb8240be2f9b44c1a808dcfd421b17,,master,passed,261,2015-11-26 13:05:43 UTC,"[93354826, 93354827]",push
93354793,2f71ee24f369a6f5d90f4853fded82cfe276bd1a,,master,passed,268,2015-11-26 13:05:36 UTC,"[93354794, 93354797]",push
93255975,6bb89e9627466f25038106bf141fcfdea4d65198,2097,master,passed,271,2015-11-25 22:15:09 UTC,"[93255976, 93255977]",pull_request
93255498,abc7b59c9c60c2d62837f649fd000eb115f85c6b,2096,master,passed,279,2015-11-25 22:11:37 UTC,"[93255499, 93255500]",pull_request
93254663,155932a60f48aa3e7133fafeee8748f538c3c9c3,2095,master,passed,276,2015-11-25 22:07:32 UTC,"[93254664, 93254665]",pull_request
93253759,eb8293f22f6d9dc40fb7185f20abd0804ce514d7,2094,master,passed,407,2015-11-25 22:02:31 UTC,"[93253760, 93253761]",pull_request
93175366,6df28465a06b1b1bca6274ced860d62b59669fc1,,atmosphere-2.4.x,passed,318,2015-11-25 15:23:37 UTC,"[93175367, 93175368]",push
93175363,c09303512801e75797fb202a1e6395b7c577a558,,atmosphere-project-2.4.0.3,passed,340,2015-11-25 15:14:09 UTC,"[93175364, 93175365]",push
93175349,c09303512801e75797fb202a1e6395b7c577a558,,atmosphere-2.4.x,passed,302,2015-11-25 15:14:07 UTC,"[93175350, 93175352]",push
93174738,3a5e0e622c0e9dd7abad7aef42160da673588634,,atmosphere-2.4.x,passed,316,2015-11-25 15:12:28 UTC,"[93174740, 93174743]",push
92789139,204fd6b33b8339f5128bc87fa5fa27133a523885,,atmosphere-2.4.x,passed,332,2015-11-23 20:02:35 UTC,"[92789141, 92789143]",push
92789133,35b7c7ecaeb8017becf0d13f4a858f3c1736dee3,,atmosphere-2.4.x,passed,358,2015-11-23 20:02:26 UTC,"[92789134, 92789135]",push
92789124,35b7c7ecaeb8017becf0d13f4a858f3c1736dee3,,atmosphere-project-2.4.0.2,passed,407,2015-11-23 20:02:26 UTC,"[92789125, 92789126]",push
92725614,4191190e7d2c21aa4f3498134b4bf3d20eb1cc46,,atmosphere-2.4.x,passed,286,2015-11-23 14:47:42 UTC,"[92725615, 92725616]",push
91832502,1de3898612a3ff4f56d58bc0102adf7640bdd2c4,2089,master,passed,260,2015-11-18 14:55:25 UTC,"[91832503, 91832504]",pull_request
91831884,a5a703d4a2d98d5c917e799c23ec6dba3937ad5c,2089,master,passed,286,2015-11-18 14:52:54 UTC,"[91831885, 91831886]",pull_request
91829290,333fd01fe0377115b6bab02117f37c2581961c1b,,atmosphere-2.4.x,passed,307,2015-11-18 14:41:45 UTC,"[91829291, 91829292]",push
91829281,5da2394791787955ffdb42149888e241ba888134,,atmosphere-project-2.4.0.1,passed,293,2015-11-18 14:41:44 UTC,"[91829282, 91829283]",push
91829276,5da2394791787955ffdb42149888e241ba888134,,atmosphere-2.4.x,passed,285,2015-11-18 14:41:38 UTC,"[91829277, 91829278]",push
91818695,d30b267af5c0dd0d651112bb1a196044407583a8,,atmosphere-2.4.x,passed,254,2015-11-18 13:49:07 UTC,"[91818696, 91818697]",push
91817698,a2ba7d3b22ab7554231a0be9aa8171244efbf05a,,master,passed,285,2015-11-18 13:44:49 UTC,"[91817699, 91817700]",push
91664180,158d070ddbdea0de91eeffe2705c312538bed69d,2087,master,passed,329,2015-11-17 19:33:32 UTC,"[91664181, 91664183]",pull_request
90553191,998713f9fdbcae5921de0350b8aeb4b3f7e8a88e,,atmosphere-2.3.x,passed,291,2015-11-11 16:25:25 UTC,"[90553192, 90553193]",push
90550995,d3ec2f22bd6c6cb918e2aa933921a69776df2b39,,atmosphere-2.4.x,passed,323,2015-11-11 16:16:23 UTC,"[90551004, 90551020]",push
90550275,32a56a2295980afdb0dfe4f68f4df3fd7c8145de,,master,passed,304,2015-11-11 16:11:19 UTC,"[90550277, 90550278]",push
90531930,44e74f3122340918eccbb296c27dab0688d21a17,,atmosphere-2.3.x,passed,287,2015-11-11 14:40:23 UTC,"[90531931, 90531932]",push
90504697,8bc08515749daaa4711e22f5ba9773c9c4aadafc,,atmosphere-2.4.x,passed,337,2015-11-11 11:44:05 UTC,"[90504698, 90504699]",push
90504024,2e753260e1a7ae9f991027de5f2a16af3870fd29,,master,passed,340,2015-11-11 11:40:48 UTC,"[90504025, 90504027]",push
90184892,cf7facd1a54a7b78c3081b824ac7b548007e0c92,2086,master,errored,243,2015-11-09 21:27:36 UTC,"[90184893, 90184894]",pull_request
89463738,37dc1484d0e218e7d767bf3b4ae7e69c9e7a89b6,,master,passed,275,2015-11-05 15:48:07 UTC,"[89463740, 89463741]",push
89432083,577db814ace57aa99b5c342dbb352fff09efaf85,,master,passed,309,2015-11-05 12:58:30 UTC,"[89432084, 89432085]",push
89354880,8d44b1f6f125109fb04b780d537ead395ee3a9d8,,atmosphere-2.4.x,passed,233,2015-11-05 01:20:51 UTC,"[89354881, 89354882]",push
89354877,541110ef57c395f2ade482c003d261387ed07383,,atmosphere-project-2.4.0,passed,288,2015-11-05 01:20:51 UTC,"[89354878, 89354879]",push
89354874,541110ef57c395f2ade482c003d261387ed07383,,atmosphere-2.4.x,passed,266,2015-11-05 01:20:51 UTC,"[89354875, 89354876]",push
89304108,a1f94f6406a38dc11c989ccd9bdd8cfb708a155d,,master,passed,350,2015-11-04 20:30:34 UTC,"[89304109, 89304110]",push
89227873,9817b20adcdab977a55b851b28102509683927ef,2083,master,passed,328,2015-11-04 14:28:57 UTC,"[89227874, 89227876]",pull_request
89133200,042e29907b7df481670a636b8433d02473b9b2f4,,master,passed,307,2015-11-04 00:52:37 UTC,"[89133201, 89133202]",push
89127986,c50265fcb95a700a63faf5b4c671a5ad23e1fe32,,atmosphere-2.4.x,passed,282,2015-11-04 00:07:40 UTC,"[89127987, 89127988]",push
89127869,7b06040294bcedc16dd4420c9fe8a26ab5e27800,,atmosphere-2.4.x,passed,240,2015-11-04 00:06:25 UTC,"[89127870, 89127871]",push
88229329,5d00ee6e7082b6bee8cafbfbcd87f9b97747b146,,master,passed,296,2015-10-29 22:33:00 UTC,"[88229330, 88229332]",push
88163070,15a91abd5363b79b9f441f60dbaa2251fa4043b8,2081,master,passed,306,2015-10-29 17:17:01 UTC,"[88163071, 88163076]",pull_request
87966282,1caa45c8f3f7e2790a10e7456f8cb70be3a6ad44,,atmosphere-2.3.x,errored,227,2015-10-28 19:23:37 UTC,"[87966283, 87966284]",push
87966221,8ec6a5752b573a48bcbb594afb71c57fac924ecc,,atmosphere-2.4.x,errored,232,2015-10-28 19:23:10 UTC,"[87966222, 87966223]",push
87949002,4c9e6a9377b268a6fdf44817c9a61c50f002c270,,atmosphere-2.3.x,passed,263,2015-10-28 17:59:23 UTC,"[87949003, 87949004]",push
87948745,c1dc772d656ecf888ffbb464115c295ed19b7cbc,,atmosphere-2.4.x,passed,264,2015-10-28 17:58:10 UTC,"[87948746, 87948747]",push
87937397,bf1dfdc5ecd63bdd74cd0007e4fe148992cb7e76,,atmosphere-2.3.x,passed,292,2015-10-28 17:05:33 UTC,"[87937398, 87937399]",push
87886292,baf245c28092fb24627d040ea729bfe998e97d99,,atmosphere-2.3.x,passed,294,2015-10-28 13:20:08 UTC,"[87886293, 87886294]",push
87885637,4c83062de1d13f2f4e06fb0e84df0310a4ae718b,,atmosphere-2.4.x,passed,347,2015-10-28 13:15:39 UTC,"[87885638, 87885640]",push
87885138,aff0d5603f548dbe137fad0106f99b1232be42ef,,atmosphere-2.3.x,failed,257,2015-10-28 13:12:31 UTC,"[87885139, 87885140]",push
87885092,e027cdd727ce32cf973a6bf533db5b8a78b59c38,,atmosphere-2.4.x,passed,279,2015-10-28 13:12:14 UTC,"[87885093, 87885094]",push
87746169,d5041e4617a345ec50677a44e87a2c673de7c7c1,,atmosphere-2.4.x,passed,317,2015-10-27 19:29:58 UTC,"[87746171, 87746175]",push
87745790,879c4e5ccf1ce51d106bbf798ea3f85cf5cc11d9,,atmosphere-2.3.x,passed,327,2015-10-27 19:27:40 UTC,"[87745791, 87745792]",push
87728365,33b340053cb9c3b1c4966444c59ec3dd5a49357e,,atmosphere-project-2.4.0-RC7,errored,248,2015-10-27 18:01:55 UTC,"[87728366, 87728368]",push
87727685,d7987f335acdbcc22ebc63fbd727d8688e579ade,,atmosphere-2.4.x,errored,213,2015-10-27 18:00:13 UTC,"[87727692, 87727812]",push
87727282,33b340053cb9c3b1c4966444c59ec3dd5a49357e,,atmosphere-2.4.x,errored,206,2015-10-27 17:56:25 UTC,"[87727284, 87727286]",push
87723090,df62906467aabc3c1389154b3910676c9efa431f,,atmosphere-2.4.x,passed,270,2015-10-27 17:37:25 UTC,"[87723091, 87723092]",push
87721891,a078d64eacffbc16f97fd9cf95e61f8c4e18b6ae,,atmosphere-2.4.x,passed,311,2015-10-27 17:33:09 UTC,"[87721892, 87721893]",push
87716007,178eec981e80e20035dce59a1eeb5a626e758c24,,atmosphere-2.4.x,passed,290,2015-10-27 17:07:09 UTC,"[87716008, 87716009]",push
87702809,1cb9e46a947bf441ce8affa6b3676d48c18622c3,,atmosphere-2.4.x,passed,299,2015-10-27 16:11:08 UTC,"[87702810, 87702811]",push
87702399,7a903da1456ac2b4de87bed2487a19ceeb095ccb,,master,passed,322,2015-10-27 16:09:53 UTC,"[87702404, 87702406]",push
87700472,86375e5ad2ecdcc57c1706bdebdf04ea9ba5325b,,atmosphere-2.4.x,failed,332,2015-10-27 16:04:07 UTC,"[87700473, 87700474]",push
87700188,33ecc4e5a94d93c6b6504aaf9d136bbae2b8b8a2,,master,passed,326,2015-10-27 16:03:12 UTC,"[87700189, 87700191]",push
87699448,1b43b53831a46629a068f993eeacbe22c7e25449,,atmosphere-2.3.x,passed,301,2015-10-27 16:00:02 UTC,"[87699449, 87699450]",push
87698857,c058adc94dcd4715a5d458b3eadbaf2d7e7c1285,,atmosphere-2.4.x,passed,312,2015-10-27 15:57:49 UTC,"[87698859, 87698861]",push
87696945,b9683ab28e40e27d458b4aede71e0c159ea9b850,,atmosphere-2.4.x,passed,284,2015-10-27 15:50:39 UTC,"[87696946, 87696947]",push
87696410,6065afcd5944c2969d96ce87b82c61327b2a4336,,atmosphere-2.3.x,passed,308,2015-10-27 15:48:31 UTC,"[87696411, 87696412]",push
87688646,f72f30e40f29ea4986646692eece79b00a2bd885,2075,master,passed,417,2015-10-27 15:13:53 UTC,"[87688649, 87688654]",pull_request
87687545,63ae0d3b0f6d9d50a15ea76534725139b957bf2a,2075,master,errored,244,2015-10-27 15:08:43 UTC,"[87687546, 87687547]",pull_request
87684955,c093bdb6ca921172bfebf4c10a9af370e00c3339,2075,master,passed,295,2015-10-27 14:56:51 UTC,"[87684956, 87684958]",pull_request
87682787,1d38e54a5b10246d1b0576218bc2e31e9cda94be,2074,master,passed,371,2015-10-27 14:47:17 UTC,"[87682789, 87682791]",pull_request
87678419,48a0c5212a94377f0cf1053df1450b74dd77f28e,,atmosphere-2.4.x,passed,239,2015-10-27 14:27:24 UTC,"[87678420, 87678421]",push
87552369,39eb04ad68b235cbef0d1bff012fcdfafc688db7,,atmosphere-2.4.x,passed,270,2015-10-26 21:42:45 UTC,"[87552370, 87552371]",push
87201665,94c040f09388fb36954276f396f9cf01efdf8e00,,atmosphere-2.3.x,passed,303,2015-10-24 15:04:50 UTC,"[87201666, 87201667]",push
87096194,18a1245710ec0dca32dcb1f2c96af8b229663702,2069,atmosphere-2.3.x,passed,352,2015-10-23 18:57:24 UTC,"[87096195, 87096197]",pull_request
86422182,1554d752a09e315b2a826e594b8166a9ebf04b0f,,master,passed,302,2015-10-20 15:26:46 UTC,"[86422185, 86422187]",push
86360031,f1f5da7da1f4c77fa08a6594fc4396fd01c29685,2066,master,passed,307,2015-10-20 09:27:19 UTC,"[86360032, 86360033]",pull_request
86346523,11cf1ce154f7e8b66543bf1f0b586f92400c7b0f,,atmosphere-2.4.x,passed,289,2015-10-20 07:56:33 UTC,"[86346524, 86346525]",push
86346499,6f2f54a81761dccb94965b0d98f63b9f5f896377,,master,passed,300,2015-10-20 07:56:21 UTC,"[86346500, 86346501]",push
85913631,c8216c0a64c7bcc262e56286574d337b2209a391,,atmosphere-2.3.x,passed,259,2015-10-17 15:14:11 UTC,"[85913633, 85913634]",push
85913595,a687aec609abd2b54795265be1ac6b0919c17849,,atmosphere-2.4.x,passed,300,2015-10-17 15:14:03 UTC,"[85913596, 85913597]",push
85913148,6e4a3bfdd48a5d8966f99d688f0ff415c7706db2,,atmosphere-2.3.x,passed,253,2015-10-17 15:11:13 UTC,"[85913149, 85913150]",push
85913134,f2fe739af68a2ded71c8cddaa42b44ce87399b20,,atmosphere-2.4.x,passed,257,2015-10-17 15:11:05 UTC,"[85913135, 85913136]",push
85913123,fdca8231d392d862a67c307dfb40795e28296047,,master,passed,312,2015-10-17 15:10:49 UTC,"[85913125, 85913126]",push
85552618,f4c53a0c7775cd6740ad0414387df0a84fc1e442,,master,passed,323,2015-10-15 15:19:39 UTC,"[85552619, 85552620]",push
83908486,27fbf4aedb9ea24c62c1a4f7ad07e59d4e88df38,,master,passed,291,2015-10-06 14:57:37 UTC,"[83908487, 83908488]",push
83880894,63888b5caab16b9a57f96f3988abd3bc2227e82c,,atmosphere-2.4.x,passed,262,2015-10-06 12:37:06 UTC,"[83880895, 83880896]",push
83738728,0135318c4750c23e6874265c15edce1b1951f9ce,,atmosphere-2.2.x,failed,4,2015-10-05 17:52:06 UTC,[83738729],push
83738696,069dd3c29f10f63f6429bd9fa595dbbc2e5fca64,,atmosphere-2.3.x,passed,254,2015-10-05 17:49:24 UTC,"[83738697, 83738699]",push
83738660,6c106db6477d6b0b54b80ceea1233aca0713d7d4,,atmosphere-2.4.x,failed,267,2015-10-05 17:49:11 UTC,"[83738661, 83738662]",push
83738586,94d0e87b5f05defdd3379a6c5fbca38255f2c281,,master,passed,269,2015-10-05 17:48:54 UTC,"[83738587, 83738588]",push
83368037,14faaf587a309be97fc0792efbc1163a4aca3653,,master,passed,317,2015-10-02 19:39:05 UTC,"[83368038, 83368040]",push
83322262,2a02d7257d8c01d934d2d3246615044762863968,,atmosphere-2.2.x,failed,6,2015-10-02 15:13:08 UTC,[83322265],push
83322245,a3193506fa2800703067fbdf3c1ad8607f78f8d4,,atmosphere-project-2.2.9,failed,4,2015-10-02 15:12:37 UTC,[83322248],push
83322223,a3193506fa2800703067fbdf3c1ad8607f78f8d4,,atmosphere-2.2.x,failed,4,2015-10-02 15:12:34 UTC,[83322224],push
83315058,b5acbb58f82fafbfdc6be450656327adf62c022c,,atmosphere-2.4.x,passed,332,2015-10-02 14:34:14 UTC,"[83315059, 83315060]",push
83315051,b5acbb58f82fafbfdc6be450656327adf62c022c,,atmosphere-project-2.4.0-RC6,passed,328,2015-10-02 14:34:09 UTC,"[83315052, 83315053]",push
83315044,3c9d6f8a9e02ac9b026e83a7823dcfe897589366,,atmosphere-2.4.x,passed,336,2015-10-02 14:34:09 UTC,"[83315045, 83315046]",push
83125276,4efef0693ef01e4e7dbde3cb7f4d0195627485d6,,atmosphere-2.2.x,failed,4,2015-10-01 14:32:04 UTC,[83125277],push
83124863,abf8f9d49d396c7c537e37685a32e2e2dad6785f,,atmosphere-2.3.x,passed,299,2015-10-01 14:28:57 UTC,"[83124864, 83124865]",push
83124434,5ccaadf9fa5e4a9f357e912dd81c1fd89e4ea3fa,,atmosphere-2.4.x,errored,188,2015-10-01 14:26:42 UTC,"[83124435, 83124437]",push
83124013,ce04bb52f4aff11aabe12cda37865cc3c2d52f28,,master,passed,305,2015-10-01 14:24:20 UTC,"[83124015, 83124026]",push
83120256,64475f3040443b3fc328e8f3df55ebabedc1a4d7,,atmosphere-2.2.x,failed,5,2015-10-01 14:05:17 UTC,[83120257],push
83111135,66c567dbdaadd623a324e50be89f3982404c5233,,atmosphere-2.2.x,failed,6,2015-10-01 13:16:23 UTC,[83111136],push
83111133,0179af96a3f8618baae7e24ce107d64825320cd9,,atmosphere-project-2.2.9,failed,6,2015-10-01 13:15:53 UTC,[83111134],push
83111131,0179af96a3f8618baae7e24ce107d64825320cd9,,atmosphere-2.2.x,failed,4,2015-10-01 13:15:33 UTC,[83111132],push
82621754,a9923793f5002b13ce1e1b2e348722e687d42ab3,,master,passed,303,2015-09-28 20:06:38 UTC,"[82621755, 82621756]",push
82619855,31fb404720c364cb9372a5248f8fbbd1b815fcb7,,atmosphere-project-2.3.5,passed,262,2015-09-28 19:55:44 UTC,"[82619856, 82619857]",push
82619850,782b4da629de327749db052c6a04db565430694a,,atmosphere-2.3.x,passed,272,2015-09-28 19:55:09 UTC,"[82619851, 82619852]",push
82619835,31fb404720c364cb9372a5248f8fbbd1b815fcb7,,atmosphere-2.3.x,passed,245,2015-09-28 19:55:09 UTC,"[82619837, 82619838]",push
82619473,21248c4beb39ff6aafa022104788a0f76194ce56,,atmosphere-2.3.x,passed,275,2015-09-28 19:53:15 UTC,"[82619474, 82619475]",push
82611451,b495af62ff4026fd8322747a6a268c29419439b1,2059,atmosphere-2.2.x,failed,284,2015-09-28 19:08:44 UTC,"[82611452, 82611453]",pull_request
82598666,7b89c5849f25122d903b36fadd5e8514fcba1e73,,atmosphere-2.4.x,passed,266,2015-09-28 17:55:37 UTC,"[82598667, 82598669]",push
82598655,2c92e102e0850aecde14631f708129694ddaf5da,,atmosphere-2.3.x,passed,271,2015-09-28 17:55:26 UTC,"[82598656, 82598657]",push
82580977,484452f7e895546f85cb31c94ba894c36127eadd,2059,atmosphere-2.2.x,failed,10,2015-09-28 16:02:26 UTC,[82580978],pull_request
82565979,e40cbe310a7b55c519f7deb53baa12338bf835ee,,atmosphere-2.3.x,passed,309,2015-09-28 14:39:45 UTC,"[82565980, 82565981]",push
82565532,4a806edc9a8e872d0e4945c09c59e17ae34145d8,,atmosphere-2.4.x,passed,278,2015-09-28 14:36:44 UTC,"[82565533, 82565534]",push
82565241,14032bae79c57506400fcb66c4ea0a4ac8b39faf,,atmosphere-2.4.x,passed,282,2015-09-28 14:35:05 UTC,"[82565243, 82565244]",push
82564830,0cd5676eace16d7cd42f7e548eccfd8496167c28,,atmosphere-2.4.x,passed,294,2015-09-28 14:33:07 UTC,"[82564831, 82564832]",push
82564174,7c0c06c1512007fff480ca7f61ecd65a5fad0262,,atmosphere-2.3.x,passed,266,2015-09-28 14:29:42 UTC,"[82564175, 82564176]",push
82563660,07e86d264042f9fac760b7f5923a2dedacb547b0,,atmosphere-2.4.x,errored,67,2015-09-28 14:26:24 UTC,"[82563661, 82563663]",push
82563604,029f039d1ec8597e71b44cb6f22e5c8005ec2061,,atmosphere-2.3.x,errored,83,2015-09-28 14:25:59 UTC,"[82563605, 82563606]",push
81576958,c9c36f459ed354f8c3a0186e849b8dcfd3d646ed,,atmosphere-2.4.x,passed,301,2015-09-22 12:35:26 UTC,"[81576959, 81576960]",push
81429258,16823e80455f9358272010b34b123f2781c6e484,,master,passed,286,2015-09-21 17:18:05 UTC,"[81429259, 81429260]",push
81410631,8a9bb8218ca2283f3d8dc5d3cabd087ea2e9098b,,atmosphere-2.4.x,passed,311,2015-09-21 15:32:59 UTC,"[81410632, 81410634]",push
81402713,25de8a1f2f59b9ccc8b42023cd6a70940f11269c,,master,passed,261,2015-09-21 14:48:39 UTC,"[81402714, 81402715]",push
81400593,a30817239bd66505378aca2bc3de742a77a46901,2054,master,passed,310,2015-09-21 14:38:10 UTC,"[81400600, 81400602]",pull_request
81399667,fc68682dcfd0b11f1472c0b6af49bd05cba7a0b2,2053,master,passed,320,2015-09-21 14:33:47 UTC,"[81399668, 81399669]",pull_request
81055978,e1bb0ecda495ac433b9113fa3aa25238bd9a1ee6,,atmosphere-2.4.x,passed,282,2015-09-18 17:35:47 UTC,"[81055979, 81055980]",push
81043896,e2ceb6ec88540858b8c254b968af2a9c2e718119,,atmosphere-2.4.x,passed,301,2015-09-18 16:19:12 UTC,"[81043897, 81043898]",push
81032642,449ffb41d9bb3d51e47025e4d326df5fab7f7976,,master,passed,282,2015-09-18 15:14:14 UTC,"[81032643, 81032644]",push
81027434,64db945dde4f7d0cb44593d6ddb73cb5ddb37ef0,,atmosphere-2.3.x,failed,304,2015-09-18 14:47:04 UTC,"[81027435, 81027437]",push
81027412,5e602d92893d8a182f747b7163448eacd34b0aeb,,atmosphere-2.4.x,passed,299,2015-09-18 14:46:52 UTC,"[81027413, 81027414]",push
81019838,5db7b35468365482b4cc5763a3743fad12e08bf6,,atmosphere-2.3.x,passed,293,2015-09-18 14:03:48 UTC,"[81019839, 81019843]",push
81019728,529ea8a5a478c4505a58893e6a4d6cbdde360a92,,atmosphere-2.4.x,passed,281,2015-09-18 14:03:00 UTC,"[81019729, 81019730]",push
81013943,132e0c1e65cb225c159f7908f364a4c21ed1fc97,,atmosphere-2.4.x,passed,305,2015-09-18 13:26:58 UTC,"[81013944, 81013946]",push
81013915,d07e6f6c36afbe0413f8d783a1746991756913c4,,atmosphere-2.3.x,passed,290,2015-09-18 13:26:42 UTC,"[81013917, 81013920]",push
80933121,2b6410ef88625f1467c48a60e5a5ea4bfb2f2579,,atmosphere-2.4.x,passed,231,2015-09-17 23:43:27 UTC,"[80933122, 80933123]",push
80933118,f9e84ed412750b832b9316a0a0d231e3d3be659e,,atmosphere-project-2.4.0-RC5,passed,258,2015-09-17 23:43:27 UTC,"[80933119, 80933120]",push
80933115,f9e84ed412750b832b9316a0a0d231e3d3be659e,,atmosphere-2.4.x,passed,231,2015-09-17 23:43:22 UTC,"[80933116, 80933117]",push
80932819,d87409ee34ef933036eacd46e5504fa74081c91b,,atmosphere-2.4.x,passed,241,2015-09-17 23:40:36 UTC,"[80932820, 80932821]",push
80932495,53f4b352af3288b0deee17d37e1edd9e69cbcb1c,,atmosphere-2.4.x,errored,77,2015-09-17 23:36:52 UTC,"[80932497, 80932498]",push
80932223,54a9771db5df398f0555a524f26e2aa0af1ec5f3,,atmosphere-2.4.x,passed,251,2015-09-17 23:34:38 UTC,"[80932224, 80932225]",push
80924913,82ed7961a4f471c6327144556b8490a4bb8e33ab,,atmosphere-2.4.x,passed,263,2015-09-17 22:38:58 UTC,"[80924914, 80924915]",push
80924249,dfffbad02ef26899586b09a51d184d2daa9da040,,atmosphere-2.4.x,passed,268,2015-09-17 22:32:53 UTC,"[80924251, 80924253]",push
80718903,86e2f7236a8a765cf7999fe7a8cb5d8e75e4a1cd,,atmosphere-2.4.x,passed,322,2015-09-16 20:56:11 UTC,"[80718904, 80718905]",push
80630510,ebb57933ae4073cff619c651da7b9d9ac14962a5,,master,failed,280,2015-09-16 13:01:29 UTC,"[80630511, 80630512]",push
80498825,6a515a78cd1c370647fcc71dcd1f08d43e60199d,,atmosphere-2.4.x,errored,263,2015-09-15 19:19:43 UTC,"[80498826, 80498827]",push
80494927,5bae0a53ace0a70cae59f3aed9cfe308c6f87a57,,atmosphere-2.4.x,passed,264,2015-09-15 18:56:56 UTC,"[80494928, 80494929]",push
80486233,82b090a1c26d9ffb263bd3c6116267f4df1293cd,,atmosphere-2.4.x,passed,318,2015-09-15 18:05:54 UTC,"[80486234, 80486235]",push
80476909,74096354b59de72393e25c226013057e6bc42223,,atmosphere-2.4.x,passed,311,2015-09-15 17:16:23 UTC,"[80476910, 80476911]",push
80475618,f19a1a8873fab86ab7835608c0126fe5323a6f7e,,atmosphere-2.4.x,passed,279,2015-09-15 17:08:47 UTC,"[80475621, 80475622]",push
80297483,9f06ddaa7d09367b3ad7cafa27d4f3a5627b40db,,atmosphere-2.4.x,passed,265,2015-09-14 18:53:32 UTC,"[80297485, 80297486]",push
80297363,fdcd81a1bae22996beef84509aa2879861b84df8,,atmosphere-2.3.x,passed,310,2015-09-14 18:52:12 UTC,"[80297364, 80297365]",push
80266257,666c1b5ecac406dfa2affe5822489d0e0afe4d77,,atmosphere-2.3.x,passed,441,2015-09-14 15:51:17 UTC,"[80266259, 80266260]",push
80265635,c93ad194d3c242855d91b497c6c89b7bb53a3b37,,atmosphere-2.4.x,passed,264,2015-09-14 15:47:51 UTC,"[80265636, 80265637]",push
80259978,70049ad48746230eb16cd6b6950eeededdfacab5,,atmosphere-2.3.x,failed,4,2015-09-14 15:19:25 UTC,[80259981],push
80243739,4cb37db5cc787324df50ffd653f33189b476f3e2,,atmosphere-2.3.x,failed,5,2015-09-14 13:59:58 UTC,[80243741],push
80243588,d4691ef4137edab996f620dacd2ff347094095ad,,atmosphere-2.4.x,errored,275,2015-09-14 13:56:01 UTC,"[80243589, 80243590]",push
80243378,1711f3a9ba92541413e79d249fde1932cfe445c1,,atmosphere-2.3.x,failed,6,2015-09-14 14:00:01 UTC,[80243381],push
79846139,d4b07fcb61a8c672561f5c1289db0abee22a2b5c,2044,master,passed,319,2015-09-11 13:17:59 UTC,"[79846141, 79846143]",pull_request
79492754,304c28f7fc20fc0802dca80e9231211dc5abebd0,,atmosphere-2.4.x,passed,297,2015-09-09 15:23:04 UTC,"[79492755, 79492756]",push
79470161,c01d2da9b32d42f0c462c3e414960796ae043f01,,atmosphere-2.4.x,passed,260,2015-09-09 13:23:54 UTC,"[79470162, 79470163]",push
78783843,bdd01ea7f88a44d957ced2b5868226dbe859e1b4,,atmosphere-2.4.x,passed,322,2015-09-04 16:10:53 UTC,"[78783844, 78783845]",push
78416691,d7495eae85e9a2f4b185d18e9031333767b1dd79,,atmosphere-2.3.x,failed,4,2015-09-02 15:21:22 UTC,[78416692],push
78416673,8a22741638fccdfc88034a6cbd809451e43dd5c1,,atmosphere-2.4.x,passed,279,2015-09-02 15:22:02 UTC,"[78416674, 78416675]",push
78416568,b5270b180e49d5267cc92eb869bf7daddd332271,,master,passed,319,2015-09-02 15:21:32 UTC,"[78416569, 78416570]",push
78324283,92b50ca306feb87fe3f693a540947e32b39a3024,,master,passed,272,2015-09-02 00:13:18 UTC,"[78324284, 78324285]",push
78296656,1f4a1b4b0240f3205e4183ce6b25a94ef697ba76,,atmosphere-2.4.x,passed,260,2015-09-01 20:45:44 UTC,"[78296657, 78296658]",push
78296557,ee114efab5a00f6568dd4239aa2d4d711dcc074f,,atmosphere-2.4.x,passed,275,2015-09-01 20:45:10 UTC,"[78296558, 78296559]",push
78296187,fcb93164fbaed81153e11684cc5ffdc8ae745419,,atmosphere-2.4.x,passed,300,2015-09-01 20:42:56 UTC,"[78296188, 78296189]",push
78292651,143363f282b3f86938295d6626ffb706db4a3c8c,,atmosphere-2.4.x,passed,254,2015-09-01 20:21:10 UTC,"[78292652, 78292653]",push
78148680,d29e50b5890918fac0e029680100b0b893144c49,,atmosphere-2.4.x,passed,249,2015-09-01 01:06:26 UTC,"[78148681, 78148682]",push
78148382,049c9fb8e96ffff9413a47c5a7feb3e43839fed4,,atmosphere-2.4.x,passed,261,2015-09-01 01:03:44 UTC,"[78148383, 78148385]",push
78146559,2109b4c6bd37dbb3750b8217b75d34d2b782a6f7,,atmosphere-2.4.x,passed,266,2015-09-01 00:44:45 UTC,"[78146560, 78146561]",push
78146421,b0129677d6247093e52dfe8f14433a6b6f603ed7,,atmosphere-2.4.x,passed,271,2015-09-01 00:43:04 UTC,"[78146422, 78146423]",push
76556726,b711d539dc93e1c49ed7fd2c93a959cf1f61e33b,,atmosphere-2.4.x,passed,281,2015-08-21 00:27:42 UTC,"[76556727, 76556728]",push
76556723,40fbe8add5be020453e8b54da263779a9edd1551,,atmosphere-2.4.x,passed,260,2015-08-21 00:27:43 UTC,"[76556724, 76556725]",push
76556718,b711d539dc93e1c49ed7fd2c93a959cf1f61e33b,,atmosphere-project-2.4.0-RC4,passed,275,2015-08-21 00:27:38 UTC,"[76556719, 76556720]",push
75096354,556d05c874970b2806d908251589f1773c8e4e9e,,atmosphere-2.4.x,passed,289,2015-08-11 14:23:47 UTC,"[75096355, 75096356]",push
75095941,fa68df90763a8ccea5040136db7ee5c92ddb4248,,master,passed,294,2015-08-11 14:20:28 UTC,"[75095942, 75095943]",push
75095905,dd499b953989535b9679374bab1f3fafb78f5fa6,,atmosphere-2.4.x,failed,6,2015-08-11 14:16:59 UTC,[75095906],push
75094853,c58c0f9aea6dc5ec8658c0284400ca7485f1862a,,atmosphere-2.4.x,failed,4,2015-08-11 14:11:00 UTC,[75094854],push
75094773,7346d2d5621b0604f96eb03d2d6ecd0738638c87,,master,errored,156,2015-08-11 14:13:06 UTC,"[75094774, 75094775]",push
74438054,399b9d50d19bcc826759c875a6b9835156a3d646,,master,passed,261,2015-08-06 16:33:16 UTC,"[74438055, 74438056]",push
74437251,3291c718655b211f504b055083e663ba5a5421f5,,atmosphere-2.3.x,failed,3,2015-08-06 16:30:09 UTC,[74437254],push
74437092,4cec365bd1527a8ea55ba9d807ee57170777276d,,atmosphere-2.4.x,failed,3,2015-08-06 16:29:22 UTC,[74437095],push
74292995,f4b55c5f57512b539c7b48610f1f0d1378a49b81,,master,passed,249,2015-08-05 19:20:54 UTC,"[74292996, 74292998]",push
74292286,c291c75e308fde4607c9366273460cdc30b9691c,,atmosphere-2.4.x,failed,3,2015-08-05 19:18:23 UTC,[74292287],push
74292267,8fd7977d79aa5b2a39fe397f9c6cd0b2b2b424f7,,atmosphere-2.3.x,failed,3,2015-08-05 19:18:25 UTC,[74292268],push
74292198,ee22081f6c060ecbb8ba7e2f4bd361e08cbb79b7,,atmosphere-2.2.x,failed,4,2015-08-05 19:18:08 UTC,[74292201],push
74292157,0723408e04ba7ccf56e9c858111375dcb317852b,,atmosphere-2.4.x,failed,4,2015-08-05 19:17:28 UTC,[74292160],push
74292126,cf030ba450fadd84566eb6221d219b98a5323304,,atmosphere-2.3.x,failed,4,2015-08-05 19:16:19 UTC,[74292127],push
74292101,0d97287a384b20dd9631a80f5a2ff663cffdab4a,,master,passed,270,2015-08-05 19:15:12 UTC,"[74292102, 74292103]",push
74292065,c52e868e535781aa2c540c259e96179d62ac0590,,master,passed,289,2015-08-05 19:15:00 UTC,"[74292066, 74292067]",push
74248663,3b7309fdfe6289f5561bf5f6cef30d429187f24e,,master,errored,244,2015-08-05 15:03:47 UTC,"[74248664, 74248665]",push
1493191,97a8ccad00e606c292fdf3181526d20e43d4516c,,master,failed,36,2012-05-31 23:42:14 UTC,[1493192],push
1491924,acd2dce6cd58efe77284e4658a4e920337c30d49,,master,failed,68,2012-05-31 21:05:30 UTC,[1491925],push
1491780,7c32d22c686d5e4fdeebacbbd03ed0b48418232d,,master,failed,33,2012-05-31 20:54:05 UTC,[1491781],push
1491669,d9c1bfd1a12ce450f54f86795e5b7a930125dd47,,master,failed,36,2012-05-31 20:43:04 UTC,[1491670],push
1491615,058479624e2e6ccc704e1f58311b0372fde4677f,,master,failed,71,2012-05-31 20:39:24 UTC,[1491616],push
1488437,9d67d4f735248098594499d27913ca9d5afaad1a,,master,failed,261,2012-05-31 17:02:08 UTC,[1488439],push
1487550,270c6c4d589fe5a0f18e1e508e64f7f392721578,,master,failed,43,2012-05-31 13:41:54 UTC,[1487551],push
1486396,62a5d46225c0690efd441b18965baf7a0b689a2a,,master,failed,38,2012-05-31 11:07:23 UTC,[1486397],push
1486322,38651e4a12a2fa721b53f56e2e9b0e9ad89ddf43,,master,failed,34,2012-05-31 10:53:09 UTC,[1486323],push
1481534,3c8c79298e3e19afc6246cdf82017aabde3fedf0,,atmosphere-0.9.x,failed,205,2012-05-30 21:10:35 UTC,[1481535],push
1481531,5cf546724fb9703778541c04cfc5fb3dfdb12be4,,atmosphere-0.9.x,failed,80,2012-05-30 21:10:26 UTC,[1481532],push
1481458,9ca6ac43be5840c38a571a0d118dcb519a5da789,,atmosphere-0.9.x,failed,40,2012-05-30 20:59:35 UTC,[1481459],push
1481343,54c2e218de93f15710141536bda80a739492c912,,atmosphere-0.9.x,failed,38,2012-05-30 20:50:51 UTC,[1481345],push
1481210,673ea9197040dec7a932b93511cc09708661ad95,,atmosphere-0.9.x,failed,279,2012-05-30 20:39:32 UTC,[1481211],push
1479444,4dfbb121851b38a9e0697d7bd2f1d90518b5d15a,,master,failed,38,2012-05-30 17:32:28 UTC,[1479445],push
1479047,b2ca2df2c342454c57188cd9a668c3a5e8a3bd49,,atmosphere-0.9.x,failed,63,2012-05-30 17:04:12 UTC,[1479048],push
1479045,aee6733531f7a6d961bd43db24166b505dcc3552,,atmosphere-0.9.x,failed,235,2012-05-30 17:04:10 UTC,[1479046],push
1478918,251ab69f731d133d104a2e9ccb24552c1414df1d,,master,failed,346,2012-05-30 16:58:18 UTC,[1478919],push
1478749,663e5daa0b13a37ded47e1e917a182e23fe13f5a,,master,failed,234,2012-05-30 16:32:34 UTC,[1478750],push
1478559,3633737e252c6a8151a29c104160df8d95c99fa1,,atmosphere-0.9.x,failed,42,2012-05-30 16:08:46 UTC,[1478560],push
1478542,5ee73ea69cab15465afb21cd4f7e03448c861473,,atmosphere-0.9.x,failed,352,2012-05-30 16:06:26 UTC,[1478543],push
1477222,6311f07f30d7810deedd490219ecaacc104e3558,,master,failed,87,2012-05-30 14:31:19 UTC,[1477223],push
1472744,c5247e999e5277876013091d5dd87b6a581c9b3c,,socketio,failed,1979,2012-05-30 01:38:30 UTC,[1472745],push
1472328,1b2024dbe0bf787ced42e12304f029ab71b62d56,,socketio,failed,2123,2012-05-30 00:49:07 UTC,[1472329],push
1470832,50ef9c36ac43cc41e884b7c269e2885e984af72a,,atmosphere-0.9.x,failed,64,2012-05-29 22:03:20 UTC,[1470833],push
1470690,27ede94094dbb00ab596e05499523ccb5d83670a,,atmosphere-0.9.x,failed,86,2012-05-29 21:57:15 UTC,[1470691],push
1470647,8e0363de9f475e1795ec997183997400a7b9ea12,,atmosphere-0.9.x,failed,108,2012-05-29 21:51:43 UTC,[1470648],push
1470574,9cf8df22554f2ee9da876c506b5cd886e09704d0,,master,failed,119,2012-05-29 21:38:08 UTC,[1470575],push
1470563,bf676afd03ac91f0dd489404dafa3b37fcd511e2,,master,failed,159,2012-05-29 21:36:53 UTC,[1470564],push
1470560,63c929752e43e9ac95c3038a0a01dcfb3fa25369,,master,failed,710,2012-05-29 21:47:17 UTC,[1470561],push
1470540,f089c08f445b29ab44b85c97309023d21a7f1cbe,,atmosphere-0.9.x,failed,43,2012-05-29 21:33:49 UTC,[1470541],push
1470329,9d88b64989e6123aad65a1dad4508c402b8277d4,,master,failed,1917,2012-05-29 21:34:36 UTC,[1470330],push
1467094,8bfd0a70e815ac72062a7dec5c0d680ae3f171e5,,master,failed,2979,2012-05-29 15:57:39 UTC,[1467095],push
1465966,f3143a421881451ebdf5b4e03e1c69ad0be289bb,,master,failed,2952,2012-05-29 14:35:47 UTC,[1465967],push
1465963,4a86d0eb48bd2f9607b50f2e485de8226afdc081,,master,failed,2927,2012-05-29 14:35:47 UTC,[1465964],push
1464952,4a86d0eb48bd2f9607b50f2e485de8226afdc081,,master,failed,1828,2012-05-29 14:09:02 UTC,[1464953],push
1464931,20e96d2bed2d5f44cdfb692358ffcb84cf686140,,master,failed,3010,2012-05-29 14:08:59 UTC,[1464932],push
1461792,be3f1857e1b179f9b382f7df98bb3a20b2c4a369,,socketio,failed,1967,2012-05-29 02:11:12 UTC,[1461793],push
1459066,ff927ad89f9fa157f800f83ecfcd7322a3c24f8e,,master,failed,2507,2012-05-28 19:54:42 UTC,[1459067],push
1459028,f0e3ba07d8e1dedc424941dbb5cf7e4ed0936fb1,,master,failed,2487,2012-05-28 19:46:09 UTC,[1459029],push
1457688,5e0fdb12077b562cbeb2f56bb767082cd25e6331,,master,failed,2312,2012-05-28 17:25:36 UTC,[1457689],push
1457549,64a19f353d9f1ce3ca763cd80c3f2ca3a681ad5d,,master,failed,2385,2012-05-28 17:06:46 UTC,[1457550],push
1456673,9e7dc05acbf76904096f4a863ca37ccfb7fa8456,,master,failed,2526,2012-05-28 15:19:39 UTC,[1456674],push
1456216,e13ef719ae5ddf8e2bfef2f1f47e04f18b8c4df7,,master,failed,1986,2012-05-28 14:38:57 UTC,[1456217],push
1451903,e79dbc4c1b5175b11918d465e6575a38a4fb9059,,socketio,failed,1935,2012-05-28 00:52:38 UTC,[1451904],push
1438528,8083f5a26520bff928520a6c00569e953de7ff2a,,socketio,errored,,2012-05-26 01:06:46 UTC,[1438529],push
1435751,a8e9e9c90330aa611c3829ce70f782d3b4caac15,,master,errored,,2012-05-25 18:47:07 UTC,[1435752],push
1435719,2e05cec27f6f257a503c9c805274ce616548846d,,master,errored,,2012-05-25 18:42:38 UTC,[1435720],push
1435663,d9828a69bad11d94413c364bbc87b6005d30cbdd,,master,errored,,2012-05-25 18:34:23 UTC,[1435664],push
1435211,0ffbfc837ddde1a5bb27c3e9969a05f1f5de952f,,master,errored,,2012-05-25 17:42:52 UTC,[1435212],push
1434719,959f4a028ad896fff5d721cdbfaea3486acf569b,,master,errored,,2012-05-25 16:52:48 UTC,[1434720],push
1434716,5488165d6d8c0cbbe390832bd933f04cb25f6c21,,master,errored,,2012-05-25 16:52:04 UTC,[1434717],push
1434105,e6ecee3d10fd2c0c27a52d103cb055f62a2cc399,,master,errored,,2012-05-25 15:42:47 UTC,[1434106],push
1432641,8a305cc5fbafed888e570ad58bef0be76b826c03,,master,errored,,2012-05-25 12:54:30 UTC,[1432642],push
1430856,e6d8d65aa06b8779ebb024026e0151ddbea77f43,,master,errored,,2012-05-25 07:33:55 UTC,[1430857],push
1430788,b72b99049816243838d64a72f103cc0d81b4916a,,master,errored,,2012-05-25 07:29:32 UTC,[1430789],push
1429617,ed676e6f410e953e9323f6a8156ff8223d939efe,,socketio,errored,,2012-05-25 02:23:50 UTC,[1429618],push
1429361,9aba8589a919c6a08368574156e001cc09692df7,,socketio,errored,,2012-05-25 01:41:30 UTC,[1429362],push
1426197,d78e286cf89ce024f126197f8a4eb52873e74238,,master,errored,,2012-05-24 20:04:23 UTC,[1426198],push
1425227,0db1e9c2b08a19e8dd0583dbdbb6d20c00a14210,,master,errored,,2012-05-24 18:37:37 UTC,[1425228],push
1425049,5bdee70a0ccec4f4a8047db17b4ee1fddfcb1d1f,,master,errored,,2012-05-24 18:15:22 UTC,[1425050],push
1424891,8118b08639771c20dac4481116e173a4680d32da,,master,errored,,2012-05-24 18:11:23 UTC,[1424892],push
1424853,94b2f1796209a46c6a7ea1083c2b2063d62223a0,,master,errored,,2012-05-24 17:59:48 UTC,[1424854],push
1424320,cfae2931b9b1eeddf6b648507216b20f849222a3,,master,errored,,2012-05-24 17:02:29 UTC,[1424321],push
1423769,13276863ce7d08ab4fc85dd3170a4ec0d715ecde,,master,errored,,2012-05-24 16:17:53 UTC,[1423770],push
1423741,3e9093fd184046f78f6dfd11e72da5eeeb3bbc33,,master,errored,,2012-05-24 16:07:37 UTC,[1423742],push
1423696,cef6e3447f80e47336b60f9e036b99efe5eb0dc4,,master,errored,,2012-05-24 15:55:58 UTC,[1423697],push
1423134,61f7b82379831eb5169e1986629ad9df2acf81b6,,master,errored,,2012-05-24 14:59:03 UTC,[1423135],push
1422965,906819a5c2801a9796f3df0f1f87f9e3b81ea5d6,,master,errored,,2012-05-24 14:43:33 UTC,[1422966],push
1422889,01f9c7a2128ef0ceebad11c9ed0abdd1bdc3c52f,,master,errored,,2012-05-24 14:37:04 UTC,[1422890],push
1422360,2e64801e80fb26be71329fe77907d57804927d03,,master,errored,,2012-05-24 14:04:26 UTC,[1422361],push
1419762,5bcae30028ec068001f8fe75a5a39a1070390871,,master,errored,,2012-05-24 06:53:55 UTC,[1419763],push
1419759,bc32ef6f0c6930d199faba4c3e0ba2c13ed1b9d6,,master,errored,,2012-05-24 06:53:54 UTC,[1419760],push
1418306,22392fa278c235c45654d96626a581067e8bba3c,,socketio,errored,,2012-05-24 02:09:14 UTC,[1418307],push
1410522,7834b04d2662aea1a59f2db744ff2969e8e234d1,,socketio,errored,,2012-05-23 12:43:49 UTC,[1410523],push
1406775,29ed0c6e84e6d389e329379b6d7b8baddb17886a,,socketio,errored,,2012-05-23 01:20:52 UTC,[1406776],push
1406765,0958e106e39dd418b2f9eb7939dc2bba7a21988d,,socketio,errored,,2012-05-23 01:19:51 UTC,[1406766],push
1406735,b2d923dbf5261763766c837b4291220cae7299ba,,socketio,errored,,2012-05-23 01:18:22 UTC,[1406736],push
1406666,1686b4d1de7f46c202da26f3c8a05ae9344f34ce,,socketio,errored,,2012-05-23 01:02:57 UTC,[1406667],push
1405261,4f8cb3d22908a701d01eb9e80daec409d8636337,,socketio,errored,,2012-05-22 22:19:53 UTC,[1405262],push
1405116,4fe65af25eb1921db9b4861039629bb30e221094,,socketio,failed,41,2012-05-22 22:09:34 UTC,[1405117],push
1404588,bc32ef6f0c6930d199faba4c3e0ba2c13ed1b9d6,,master,errored,,2012-05-22 21:13:55 UTC,[1404589],push
1403468,a570cc8f75757d2cfb189391a75be71a1e750d32,,master,errored,,2012-05-22 19:37:44 UTC,[1403469],push
1403456,389a24b3b64987c098ff8927a90b9e3700bb62bd,,master,errored,,2012-05-22 19:36:38 UTC,[1403457],push
1403393,80b741ade266e9da59d02beab58287749bdbddb6,,master,errored,,2012-05-22 19:29:05 UTC,[1403394],push
1403390,566baf104f144d24d95bb3e0913b089a469cbc41,,master,errored,,2012-05-22 19:28:01 UTC,[1403391],push
1403324,566baf104f144d24d95bb3e0913b089a469cbc41,,master,errored,,2012-05-22 19:22:47 UTC,[1403325],push
1402742,c139f1eb7611297590dab8008d9726fc1add2a5b,,master,errored,,2012-05-22 18:29:08 UTC,[1402743],push
1402303,1fdbc33043b825d8a48fb28ce3809924c3ea34f9,,master,errored,,2012-05-22 17:34:50 UTC,[1402304],push
1401847,0153e9c1b5a54449572d3a60bc1a780b1cac6ae8,,master,errored,,2012-05-22 17:00:49 UTC,[1401848],push
1401817,bca76d49e3cbd017c76b4fb80756c9f35b69e978,,master,errored,,2012-05-22 16:58:12 UTC,[1401818],push
1401809,5c11d6d94d6253e1deb2de2d0366b9e05f2480af,,master,errored,,2012-05-22 16:57:50 UTC,[1401810],push
1401503,ab8900427c0c55ecdce09ba3f9fa31a36aab37f0,,master,errored,,2012-05-22 16:28:47 UTC,[1401504],push
1401482,eb7c1d54b7fda62400f6408003fad7fbfce20913,,master,errored,,2012-05-22 16:25:59 UTC,[1401483],push
1400987,b512378aaf4c4c772970b3ee5a7c59fa068f87c0,,master,errored,,2012-05-22 15:37:09 UTC,[1400988],push
1400976,7302de77b23625e22492dce20775807d73255a62,,master,errored,,2012-05-22 15:34:08 UTC,[1400977],push
1400970,86899307aff63f6c8bc9fada536df3bde6fa424f,,master,errored,,2012-05-22 15:33:55 UTC,[1400971],push
1400945,949afab3b5c01ce7397b9a2ba5df276471e27bb9,,master,errored,,2012-05-22 15:32:02 UTC,[1400946],push
1394870,08c1a04f82db673772e7050bbcc492607a58c20c,,socketio,failed,35,2012-05-21 22:59:36 UTC,[1394871],push
1371756,710d9a00cd3d19c6e897892d8e89224be240ab42,,socketio,failed,77,2012-05-19 00:24:57 UTC,[1371757],push
1371089,919ebcb787497aaf2564594bf59fc4c194023705,,master,errored,,2012-05-18 21:57:08 UTC,[1371090],push
1369488,b1f566422721494b0d5bfd2774edb8cfd9c6166e,,master,errored,,2012-05-18 19:13:55 UTC,[1369489],push
1369461,efc37887935a8221a6a71e5eae9a79536c9ba70f,,master,errored,,2012-05-18 19:10:43 UTC,[1369462],push
1369294,de4d566dbae375ebd671f305600e138ec1a16794,,master,errored,,2012-05-18 19:04:19 UTC,[1369295],push
1369271,eb2c3f092410416bcd32e72830a21820bd4ebd0a,,master,errored,,2012-05-18 19:03:30 UTC,[1369272],push
1367411,a3e3049e0f610cd3e16d5b69425658234d751650,,master,errored,,2012-05-18 15:06:10 UTC,[1367412],push
